{"v":"5.5.7","fr":30,"ip":0,"op":90,"w":800,"h":800,"nm":"Comp 1","ddd":0,"assets":[],"layers":[{"ddd":0,"ind":1,"ty":4,"nm":"earth-globe Outlines","sr":1,"ks":{"o":{"a":0,"k":100,"ix":11},"r":{"a":0,"k":0,"ix":10},"p":{"a":0,"k":[400,400,0],"ix":2},"a":{"a":0,"k":[256,256,0],"ix":1},"s":{"a":0,"k":[60.938,60.938,100],"ix":6}},"ao":0,"shapes":[{"ty":"gr","it":[{"ind":0,"ty":"sh","ix":1,"ks":{"a":0,"k":{"i":[[1.596,0],[9.007,-0.959],[0,0],[-6.492,-2.161],[-1.298,0],[-1.726,5.186],[0,0]],"o":[[-9.261,0],[0,0],[-2.161,6.492],[1.298,0.435],[5.185,0],[0,0],[-1.589,-0.029]],"v":[[12.835,-18.58],[-14.571,-17.103],[-15.431,2.274],[-7.6,17.943],[-3.681,18.58],[8.069,10.113],[17.592,-18.46]],"c":true},"ix":2},"nm":"Path 1","mn":"ADBE Vector Shape - Group","hd":false},{"ty":"fl","c":{"a":0,"k":[0.567452225031,0.807680257161,0.292991548426,1],"ix":4},"o":{"a":0,"k":100,"ix":5},"r":1,"bm":0,"nm":"Fill 1","mn":"ADBE Vector Graphic - Fill","hd":false},{"ty":"tr","p":{"a":0,"k":[243.165,18.58],"ix":2},"a":{"a":0,"k":[0,0],"ix":1},"s":{"a":0,"k":[100,100],"ix":3},"r":{"a":0,"k":0,"ix":6},"o":{"a":0,"k":100,"ix":7},"sk":{"a":0,"k":0,"ix":4},"sa":{"a":0,"k":0,"ix":5},"nm":"Transform"}],"nm":"Group 1","np":2,"cix":2,"bm":0,"ix":1,"mn":"ADBE Vector Group","hd":false},{"ty":"gr","it":[{"ind":0,"ty":"sh","ix":1,"ks":{"a":0,"k":{"i":[[-23.248,-34.869],[0,0],[3.69,3.559],[0,0]],"o":[[0,0],[0.571,-5.095],[0,0],[3.748,44.083]],"v":[[17.078,59.925],[24.224,-4.989],[19.277,-18.714],[-24.795,-59.926]],"c":true},"ix":2},"nm":"Path 1","mn":"ADBE Vector Shape - Group","hd":false},{"ty":"fl","c":{"a":0,"k":[0.504892326804,0.774827186734,0.212474179735,1],"ix":4},"o":{"a":0,"k":100,"ix":5},"r":1,"bm":0,"nm":"Fill 1","mn":"ADBE Vector Graphic - Fill","hd":false},{"ty":"tr","p":{"a":0,"k":[25.795,337.885],"ix":2},"a":{"a":0,"k":[0,0],"ix":1},"s":{"a":0,"k":[100,100],"ix":3},"r":{"a":0,"k":0,"ix":6},"o":{"a":0,"k":100,"ix":7},"sk":{"a":0,"k":0,"ix":4},"sa":{"a":0,"k":0,"ix":5},"nm":"Transform"}],"nm":"Group 2","np":2,"cix":2,"bm":0,"ix":2,"mn":"ADBE Vector Group","hd":false},{"ty":"gr","it":[{"ind":0,"ty":"sh","ix":1,"ks":{"a":0,"k":{"i":[[6.252,-1.786],[0,0],[-4.323,-1.452],[-0.871,0],[-1.162,3.452],[0,0]],"o":[[0,0],[-1.452,4.323],[0.871,0.29],[3.452,0],[0,0],[-6.438,1.311]],"v":[[-5.106,-14.029],[-12.453,7.863],[-7.251,18.322],[-4.622,18.749],[3.209,13.12],[13.905,-18.749]],"c":true},"ix":2},"nm":"Path 1","mn":"ADBE Vector Shape - Group","hd":false},{"ty":"fl","c":{"a":0,"k":[0.567452225031,0.807680257161,0.292991548426,1],"ix":4},"o":{"a":0,"k":100,"ix":5},"r":1,"bm":0,"nm":"Fill 1","mn":"ADBE Vector Graphic - Fill","hd":false},{"ty":"tr","p":{"a":0,"k":[190.679,23.92],"ix":2},"a":{"a":0,"k":[0,0],"ix":1},"s":{"a":0,"k":[100,100],"ix":3},"r":{"a":0,"k":0,"ix":6},"o":{"a":0,"k":100,"ix":7},"sk":{"a":0,"k":0,"ix":4},"sa":{"a":0,"k":0,"ix":5},"nm":"Transform"}],"nm":"Group 3","np":2,"cix":2,"bm":0,"ix":3,"mn":"ADBE Vector Group","hd":false},{"ty":"gr","it":[{"ind":0,"ty":"sh","ix":1,"ks":{"a":0,"k":{"i":[[2.355,0],[1.548,1.298],[-2.936,3.492],[0,0],[-3.492,-2.936],[2.936,-3.492],[0,0]],"o":[[-1.871,0],[-3.492,-2.935],[0,0],[2.927,-3.484],[3.492,2.936],[0,0],[-1.63,1.943]],"v":[[-10.847,21.661],[-16.153,19.726],[-17.161,8.089],[4.516,-17.717],[16.153,-18.725],[17.161,-7.088],[-4.516,18.718]],"c":true},"ix":2},"nm":"Path 1","mn":"ADBE Vector Shape - Group","hd":false},{"ty":"fl","c":{"a":0,"k":[0.567452225031,0.807680257161,0.292991548426,1],"ix":4},"o":{"a":0,"k":100,"ix":5},"r":1,"bm":0,"nm":"Fill 1","mn":"ADBE Vector Graphic - Fill","hd":false},{"ty":"tr","p":{"a":0,"k":[378.323,369.565],"ix":2},"a":{"a":0,"k":[0,0],"ix":1},"s":{"a":0,"k":[100,100],"ix":3},"r":{"a":0,"k":0,"ix":6},"o":{"a":0,"k":100,"ix":7},"sk":{"a":0,"k":0,"ix":4},"sa":{"a":0,"k":0,"ix":5},"nm":"Transform"}],"nm":"Group 4","np":2,"cix":2,"bm":0,"ix":4,"mn":"ADBE Vector Group","hd":false},{"ty":"gr","it":[{"ind":0,"ty":"sh","ix":1,"ks":{"a":0,"k":{"i":[[49.181,0],[0,141.385],[-24.039,39.005],[0,-92.205],[-141.385,0],[-45.069,73.127]],"o":[[-141.385,0],[0,-49.18],[-73.126,45.069],[0,141.385],[92.205,0],[-39.006,24.04]],"v":[[102.924,153.075],[-153.076,-102.925],[-115.141,-237.032],[-237.033,-18.968],[18.967,237.032],[237.033,115.139]],"c":true},"ix":2},"nm":"Path 1","mn":"ADBE Vector Shape - Group","hd":false},{"ty":"fl","c":{"a":0,"k":[0.095535368078,0.652585257736,0.745653638653,1],"ix":4},"o":{"a":0,"k":100,"ix":5},"r":1,"bm":0,"nm":"Fill 1","mn":"ADBE Vector Graphic - Fill","hd":false},{"ty":"tr","p":{"a":0,"k":[237.033,274.968],"ix":2},"a":{"a":0,"k":[0,0],"ix":1},"s":{"a":0,"k":[100,100],"ix":3},"r":{"a":0,"k":0,"ix":6},"o":{"a":0,"k":100,"ix":7},"sk":{"a":0,"k":0,"ix":4},"sa":{"a":0,"k":0,"ix":5},"nm":"Transform"}],"nm":"Group 5","np":2,"cix":2,"bm":0,"ix":5,"mn":"ADBE Vector Group","hd":false},{"ty":"gr","it":[{"ind":0,"ty":"sh","ix":1,"ks":{"a":0,"k":{"i":[[3.782,-2.549],[1.589,0],[1.589,2.363],[0,0],[-3.783,2.549],[-2.541,-3.774],[0,0]],"o":[[-1.411,0.96],[-2.653,0],[0,0],[-2.556,-3.774],[3.766,-2.565],[0,0],[2.556,3.774]],"v":[[84.69,-64.466],[80.077,-63.047],[73.23,-66.684],[56.028,-92.144],[58.246,-103.604],[69.706,-101.386],[86.908,-75.926]],"c":true},"ix":2},"nm":"Path 1","mn":"ADBE Vector Shape - Group","hd":false},{"ind":1,"ty":"sh","ix":2,"ks":{"a":0,"k":{"i":[[127.331,14.776],[0,0],[8.072,-2.213],[0,0],[2.213,0],[0,0],[0.547,-4.102],[0,0],[0,0],[0.17,-4.263],[0,0],[-4.945,0.412],[0,0],[-2.538,3.539],[0,0],[0,0],[2.593,-6.66],[0,-1.314],[-4.564,0],[-0.661,3.887],[-3.302,8.376],[-2.072,-3.138],[0,0],[-6.9,1.915],[0,0],[-1.504,3.991],[0,0],[-5.546,1.145],[0,0],[-1.129,-6.525],[6.507,-0.746],[0,0],[0.111,-4.674],[0,0],[-1.574,-0.803],[0,0],[3.175,-4.67],[0,0],[3.107,0],[0,0],[1.697,0.669],[0,0],[3.416,-3.157],[0,0],[-1.437,-5.838],[0,0],[-7.261,-0.391],[0,0],[-1.128,-12.242],[0,0],[-1.669,-3.482],[-6.815,-8.619],[-7.286,6.634],[0,0],[-0.828,5.674],[0,0],[0,0],[4.994,2.143],[0,0],[3.645,-0.323],[0.645,0],[4.024,6.404],[0,0],[-3.855,2.435],[-2.435,-3.847],[0,0],[-2,0.161],[-0.742,0.492],[0,0],[3.079,3.865],[0,0],[2.729,-0.313],[0,0],[1.76,1.574],[0,0],[-3.04,3.403],[-3.411,-3.04],[0,0],[0,0],[-1.75,-2.404],[0,0],[0,0],[-3.225,-5.963],[0,0],[-4.063,-1.299],[0,0],[0,1.633]],"o":[[0,0],[-2.558,7.969],[0,0],[-2.134,0.585],[0,0],[-4.139,0],[0,0],[0,0],[-4.261,0.223],[0,0],[-0.198,4.959],[0,0],[4.34,-0.362],[0,0],[0,0],[7.142,-0.255],[-5.819,14.943],[0,4.565],[4.081,0],[0.564,-1.903],[1.379,-3.498],[0,0],[3.947,5.975],[0,0],[4.11,-1.14],[0,0],[1.997,-5.299],[0,0],[6.485,-1.338],[1.153,6.666],[0,0],[-4.673,0.126],[0,0],[-0.042,1.767],[0,0],[5.03,2.566],[0,0],[-1.747,2.569],[0,0],[-1.824,0],[0,0],[-4.328,-1.705],[0,0],[-4.415,4.081],[0,0],[1.738,7.061],[0,0],[12.277,0.66],[0,0],[0.354,3.844],[5.258,10.969],[8.774,11.097],[0,0],[4.24,-3.86],[0,0],[0,0],[3.924,-4.326],[0,0],[-3.056,2.048],[-0.645,0.056],[-7.468,0],[0,0],[-2.427,-3.863],[3.887,-2.411],[0,0],[1.056,1.694],[0.879,-0.081],[0,0],[4.333,-2.375],[0,0],[-1.712,-2.149],[0,0],[-2.346,0.27],[0,0],[-3.395,-3.04],[3.032,-3.403],[0,0],[0,0],[2.944,-0.363],[0,0],[0,0],[6.731,-0.808],[0,0],[2.029,3.752],[0,0],[0.03,-1.626],[0,-131.297]],"v":[[-22.251,-205.78],[-32.82,-172.852],[-49.858,-156.531],[-76.37,-149.262],[-82.921,-148.38],[-122.593,-148.38],[-130.778,-141.214],[-135.328,-107.09],[-160.668,-105.763],[-168.488,-97.845],[-169.365,-75.822],[-160.428,-67.263],[-143.546,-68.67],[-132.704,-74.819],[-117.091,-96.595],[-83.698,-97.788],[-74.103,-84.197],[-79.93,-66.66],[-71.672,-58.402],[-63.535,-65.257],[-57.147,-82.134],[-48.945,-83.009],[-46.81,-79.778],[-28.614,-72.968],[-13.868,-77.06],[-4.935,-85.225],[-2.107,-92.729],[10.009,-103.079],[19.539,-105.046],[34.029,-95.938],[23.991,-82.47],[1.012,-81.853],[-7.526,-73.288],[-7.578,-71.088],[-5.071,-66.883],[8.143,-60.141],[11.637,-46.509],[11.637,-46.509],[3.879,-42.403],[-65.814,-42.403],[-71.143,-43.415],[-129.625,-66.453],[-142.29,-64.078],[-197.676,-12.888],[-202.503,3.189],[-191.242,48.936],[-176.091,61.481],[-113.693,64.836],[-90.353,87.302],[-85.62,138.689],[-82.584,149.722],[-58.252,194.243],[-20.575,199.146],[30.159,157.631],[37.996,142.886],[43.94,102.114],[84.227,57.716],[81.395,44.614],[80.673,45.098],[70.447,48.711],[68.512,48.8],[50.093,38.606],[19.335,-10.233],[21.924,-21.628],[33.319,-19.039],[64.077,29.808],[69.004,32.26],[71.488,31.381],[113.063,8.597],[115.465,-3.349],[115.465,-3.349],[108.326,-6.3],[99.593,-5.296],[93.138,-7.347],[66.988,-30.739],[66.343,-42.4],[78.004,-43.045],[101.391,-22.126],[115.601,-23.763],[123.214,-20.432],[125.948,-16.69],[139.798,-18.352],[156.294,-9.81],[184.262,41.903],[193.756,49.776],[203.817,53.31],[203.94,48.439]],"c":true},"ix":2},"nm":"Path 2","mn":"ADBE Vector Shape - Group","hd":false},{"ty":"mm","mm":1,"nm":"Merge Paths 1","mn":"ADBE Vector Filter - Merge","hd":false},{"ty":"fl","c":{"a":0,"k":[0.567452225031,0.807680257161,0.292991548426,1],"ix":4},"o":{"a":0,"k":100,"ix":5},"r":1,"bm":0,"nm":"Fill 1","mn":"ADBE Vector Graphic - Fill","hd":false},{"ty":"tr","p":{"a":0,"k":[308.06,207.563],"ix":2},"a":{"a":0,"k":[0,0],"ix":1},"s":{"a":0,"k":[100,100],"ix":3},"r":{"a":0,"k":0,"ix":6},"o":{"a":0,"k":100,"ix":7},"sk":{"a":0,"k":0,"ix":4},"sa":{"a":0,"k":0,"ix":5},"nm":"Transform"}],"nm":"Group 6","np":4,"cix":2,"bm":0,"ix":6,"mn":"ADBE Vector Group","hd":false},{"ty":"gr","it":[{"ind":0,"ty":"sh","ix":1,"ks":{"a":0,"k":{"i":[[-141.385,0],[0,-141.385],[141.385,0],[0,141.385]],"o":[[141.385,0],[0,141.385],[-141.385,0],[0,-141.385]],"v":[[0,-256],[256,0],[0,256],[-256,0]],"c":true},"ix":2},"nm":"Path 1","mn":"ADBE Vector Shape - Group","hd":false},{"ty":"fl","c":{"a":0,"k":[0.360954135072,0.75495521695,0.790173040652,1],"ix":4},"o":{"a":0,"k":100,"ix":5},"r":1,"bm":0,"nm":"Fill 1","mn":"ADBE Vector Graphic - Fill","hd":false},{"ty":"tr","p":{"a":0,"k":[256,256],"ix":2},"a":{"a":0,"k":[0,0],"ix":1},"s":{"a":0,"k":[100,100],"ix":3},"r":{"a":0,"k":0,"ix":6},"o":{"a":0,"k":100,"ix":7},"sk":{"a":0,"k":0,"ix":4},"sa":{"a":0,"k":0,"ix":5},"nm":"Transform"}],"nm":"Group 7","np":2,"cix":2,"bm":0,"ix":7,"mn":"ADBE Vector Group","hd":false}],"ip":0,"op":90,"st":0,"bm":0},{"ddd":0,"ind":3,"ty":4,"nm":"airplane Outlines","sr":1,"ks":{"o":{"a":0,"k":100,"ix":11},"r":{"a":1,"k":[{"i":{"x":[0.833],"y":[0.833]},"o":{"x":[0.167],"y":[0.167]},"t":0,"s":[45]},{"t":89,"s":[405]}],"ix":10},"p":{"a":0,"k":[400,400,0],"ix":2},"a":{"a":0,"k":[1173.671,1093.873,0],"ix":1},"s":{"a":0,"k":[21.267,21.267,100],"ix":6}},"ao":0,"shapes":[{"ty":"gr","it":[{"ind":0,"ty":"sh","ix":1,"ks":{"a":0,"k":{"i":[[0,0],[0,-24.205],[0,0],[0,5.186],[24.205,0],[4.586,-1.665]],"o":[[24.205,0],[0,0],[1.665,-4.602],[0,-24.205],[-5.186,0],[0,0]],"v":[[-29.216,-14.608],[14.608,29.216],[26.367,29.216],[29.216,14.608],[-14.608,-29.216],[-29.216,-26.368]],"c":true},"ix":2},"nm":"Path 1","mn":"ADBE Vector Shape - Group","hd":false},{"ty":"fl","c":{"a":0,"k":[0.280448524625,0.335915180281,0.385741349763,1],"ix":4},"o":{"a":0,"k":100,"ix":5},"r":1,"bm":0,"nm":"Fill 1","mn":"ADBE Vector Graphic - Fill","hd":false},{"ty":"tr","p":{"a":0,"k":[447.837,64.163],"ix":2},"a":{"a":0,"k":[0,0],"ix":1},"s":{"a":0,"k":[100,100],"ix":3},"r":{"a":0,"k":0,"ix":6},"o":{"a":0,"k":100,"ix":7},"sk":{"a":0,"k":0,"ix":4},"sa":{"a":0,"k":0,"ix":5},"nm":"Transform"}],"nm":"Group 1","np":2,"cix":2,"bm":0,"ix":1,"mn":"ADBE Vector Group","hd":false},{"ty":"gr","it":[{"ind":0,"ty":"sh","ix":1,"ks":{"a":0,"k":{"i":[[0,0],[65.736,-65.736],[0,0],[-65.736,65.736]],"o":[[0,0],[-65.736,65.736],[0,0],[65.736,-65.736]],"v":[[65.736,-65.736],[7.304,7.304],[-65.736,65.736],[-7.304,-7.304]],"c":true},"ix":2},"nm":"Path 1","mn":"ADBE Vector Shape - Group","hd":false},{"ty":"fl","c":{"a":0,"k":[0.280448524625,0.335915180281,0.385741349763,1],"ix":4},"o":{"a":0,"k":100,"ix":5},"r":1,"bm":0,"nm":"Fill 1","mn":"ADBE Vector Graphic - Fill","hd":false},{"ty":"tr","p":{"a":0,"k":[133.764,378.236],"ix":2},"a":{"a":0,"k":[0,0],"ix":1},"s":{"a":0,"k":[100,100],"ix":3},"r":{"a":0,"k":0,"ix":6},"o":{"a":0,"k":100,"ix":7},"sk":{"a":0,"k":0,"ix":4},"sa":{"a":0,"k":0,"ix":5},"nm":"Transform"}],"nm":"Group 2","np":2,"cix":2,"bm":0,"ix":2,"mn":"ADBE Vector Group","hd":false},{"ty":"gr","it":[{"ind":0,"ty":"sh","ix":1,"ks":{"a":0,"k":{"i":[[-29.217,29.216],[-14.608,-14.608],[29.216,-29.216],[0,0],[21.912,21.912],[0,0]],"o":[[29.216,-29.216],[14.608,14.608],[-29.216,29.216],[0,0],[-21.912,-21.912],[0,0]],"v":[[103.043,-190.691],[219.907,-219.907],[190.691,-103.043],[-86.862,159.902],[-203.726,203.726],[-159.902,86.862]],"c":true},"ix":2},"nm":"Path 1","mn":"ADBE Vector Shape - Group","hd":false},{"ty":"fl","c":{"a":0,"k":[0.736518470914,0.787009564568,0.776011687634,1],"ix":4},"o":{"a":0,"k":100,"ix":5},"r":1,"bm":0,"nm":"Fill 1","mn":"ADBE Vector Graphic - Fill","hd":false},{"ty":"tr","p":{"a":0,"k":[286.362,225.638],"ix":2},"a":{"a":0,"k":[0,0],"ix":1},"s":{"a":0,"k":[100,100],"ix":3},"r":{"a":0,"k":0,"ix":6},"o":{"a":0,"k":100,"ix":7},"sk":{"a":0,"k":0,"ix":4},"sa":{"a":0,"k":0,"ix":5},"nm":"Transform"}],"nm":"Group 3","np":4,"cix":2,"bm":0,"ix":3,"mn":"ADBE Vector Group","hd":false},{"ty":"gr","it":[{"ind":0,"ty":"sh","ix":1,"ks":{"a":0,"k":{"i":[[-43.824,0.569],[0,0],[-0.555,-43.824],[16.069,58.446],[0,0],[44.555,10.022]],"o":[[43.824,-0.569],[0,0],[0.555,43.824],[-16.069,-58.447],[0,0],[-58.359,-13.118]],"v":[[-163.198,-216.048],[202.003,-202.009],[216.055,163.192],[159.639,163.207],[85.138,-85.144],[-163.271,-159.676]],"c":true},"ix":2},"nm":"Path 1","mn":"ADBE Vector Shape - Group","hd":false},{"ty":"fl","c":{"a":0,"k":[0.178609301997,0.587191353592,0.76508100921,1],"ix":4},"o":{"a":0,"k":100,"ix":5},"r":1,"bm":0,"nm":"Fill 1","mn":"ADBE Vector Graphic - Fill","hd":false},{"ty":"tr","p":{"a":0,"k":[216.611,295.383],"ix":2},"a":{"a":0,"k":[0,0],"ix":1},"s":{"a":0,"k":[100,100],"ix":3},"r":{"a":0,"k":0,"ix":6},"o":{"a":0,"k":100,"ix":7},"sk":{"a":0,"k":0,"ix":4},"sa":{"a":0,"k":0,"ix":5},"nm":"Transform"}],"nm":"Group 4","np":4,"cix":2,"bm":0,"ix":4,"mn":"ADBE Vector Group","hd":false},{"ty":"gr","it":[{"ind":0,"ty":"sh","ix":1,"ks":{"a":0,"k":{"i":[[-29.216,0],[0,0],[0,-29.216],[14.608,14.608],[0,0],[14.608,14.608]],"o":[[29.216,0],[0,0],[0,29.216],[-14.608,-14.608],[0,0],[-14.608,-14.608]],"v":[[-75.547,-99.75],[85.142,-85.142],[99.75,75.546],[55.926,90.154],[-2.506,2.506],[-90.155,-55.926]],"c":true},"ix":2},"nm":"Path 1","mn":"ADBE Vector Shape - Group","hd":false},{"ty":"fl","c":{"a":0,"k":[0.178609301997,0.587191353592,0.76508100921,1],"ix":4},"o":{"a":0,"k":100,"ix":5},"r":1,"bm":0,"nm":"Fill 1","mn":"ADBE Vector Graphic - Fill","hd":false},{"ty":"tr","p":{"a":0,"k":[99.75,412.25],"ix":2},"a":{"a":0,"k":[0,0],"ix":1},"s":{"a":0,"k":[100,100],"ix":3},"r":{"a":0,"k":0,"ix":6},"o":{"a":0,"k":100,"ix":7},"sk":{"a":0,"k":0,"ix":4},"sa":{"a":0,"k":0,"ix":5},"nm":"Transform"}],"nm":"Group 5","np":4,"cix":2,"bm":0,"ix":5,"mn":"ADBE Vector Group","hd":false},{"ty":"gr","it":[{"ind":0,"ty":"sh","ix":1,"ks":{"a":0,"k":{"i":[[0,0],[5.711,5.726],[0,0],[-5.726,5.697],[0,0],[-5.711,-5.712],[0,0],[5.726,-5.711]],"o":[[-5.712,5.726],[0,0],[-5.726,-5.712],[0,0],[5.712,-5.712],[0,0],[5.726,5.697],[0,0]],"v":[[-0.001,41.304],[-20.656,41.304],[-41.311,20.649],[-41.311,-0.006],[0,-41.318],[20.656,-41.318],[41.312,-20.663],[41.312,-0.007]],"c":true},"ix":2},"nm":"Path 1","mn":"ADBE Vector Shape - Group","hd":false},{"ty":"fl","c":{"a":0,"k":[0.280448524625,0.335915180281,0.385741349763,1],"ix":4},"o":{"a":0,"k":100,"ix":5},"r":1,"bm":0,"nm":"Fill 1","mn":"ADBE Vector Graphic - Fill","hd":false},{"ty":"tr","p":{"a":0,"k":[214.108,78.784],"ix":2},"a":{"a":0,"k":[0,0],"ix":1},"s":{"a":0,"k":[100,100],"ix":3},"r":{"a":0,"k":0,"ix":6},"o":{"a":0,"k":100,"ix":7},"sk":{"a":0,"k":0,"ix":4},"sa":{"a":0,"k":0,"ix":5},"nm":"Transform"}],"nm":"Group 6","np":2,"cix":2,"bm":0,"ix":6,"mn":"ADBE Vector Group","hd":false},{"ty":"gr","it":[{"ind":0,"ty":"sh","ix":1,"ks":{"a":0,"k":{"i":[[0,0],[5.711,5.726],[0,0],[-5.726,5.697],[0,0],[-5.711,-5.712],[0,0],[5.727,-5.711]],"o":[[-5.712,5.726],[0,0],[-5.726,-5.712],[0,0],[5.712,-5.712],[0,0],[5.727,5.698],[0,0]],"v":[[0,41.304],[-20.656,41.304],[-41.311,20.649],[-41.311,-0.007],[0.001,-41.318],[20.656,-41.318],[41.311,-20.663],[41.311,-0.007]],"c":true},"ix":2},"nm":"Path 1","mn":"ADBE Vector Shape - Group","hd":false},{"ty":"fl","c":{"a":0,"k":[0.280448524625,0.335915180281,0.385741349763,1],"ix":4},"o":{"a":0,"k":100,"ix":5},"r":1,"bm":0,"nm":"Fill 1","mn":"ADBE Vector Graphic - Fill","hd":false},{"ty":"tr","p":{"a":0,"k":[433.229,297.9],"ix":2},"a":{"a":0,"k":[0,0],"ix":1},"s":{"a":0,"k":[100,100],"ix":3},"r":{"a":0,"k":0,"ix":6},"o":{"a":0,"k":100,"ix":7},"sk":{"a":0,"k":0,"ix":4},"sa":{"a":0,"k":0,"ix":5},"nm":"Transform"}],"nm":"Group 7","np":2,"cix":2,"bm":0,"ix":7,"mn":"ADBE Vector Group","hd":false}],"ip":0,"op":90,"st":0,"bm":0}],"markers":[]}